Tiempo (s),Sensor 1,Sensor 2,Sensor 3,Sensor 4 (ambiente)
0.01,21.75,27.31,20.06,20.44
1.67,21.87,28.44,20.25,20.37
3.34,21.87,29.56,20.69,20.37
5.04,22.0,30.69,21.56,20.44
6.74,22.0,31.81,21.87,20.44
8.43,22.12,32.94,21.94,20.44
10.12,22.31,33.94,22.12,20.37
11.8,22.5,34.94,22.25,20.44
13.51,23.12,35.94,22.37,20.44
15.2,23.5,36.88,22.56,20.44
16.89,23.87,38.0,24.06,20.44
18.58,24.0,39.13,25.75,20.44
20.27,24.12,40.19,27.06,20.44
21.95,24.31,41.25,28.12,20.44
23.65,24.56,43.44,29.12,20.44
25.34,24.75,45.31,30.06,20.44
27.03,24.94,46.63,30.94,20.44
28.71,25.19,47.38,31.62,20.44
30.41,25.81,48.19,32.38,20.5
32.1,26.0,49.06,33.0,20.44
33.79,26.19,50.0,33.63,20.44
35.48,26.56,51.0,34.56,20.5
37.17,27.37,52.13,35.31,20.44
38.85,28.31,53.25,35.94,20.44
40.54,29.87,54.44,36.56,20.44
42.23,30.56,55.5,37.06,20.44
43.9,31.5,56.56,37.06,20.37
45.59,32.38,57.56,37.13,20.37
47.29,33.19,58.69,37.88,20.37
48.97,33.94,59.75,38.81,20.44
50.66,34.69,60.75,39.56,20.44
52.35,35.31,61.69,40.06,20.44
54.04,35.94,62.5,40.63,20.37
55.72,36.56,63.44,41.19,20.37
57.42,37.25,64.19,41.75,20.37
59.1,37.75,65.0,42.31,20.44
60.79,38.19,65.75,43.0,20.37
62.46,38.56,66.37,43.69,20.44
64.16,38.81,67.0,44.25,20.44
65.84,39.13,67.69,44.63,20.5
66.91,39.13,67.69,44.63,20.5
68.59,39.88,69.12,45.5,20.5
69.65,39.88,69.12,45.5,20.5
71.34,41.75,70.69,44.94,20.5
72.4,41.75,70.69,44.94,20.5
74.09,44.25,72.19,43.88,20.5
75.15,44.25,72.19,43.88,20.5
76.83,46.19,73.56,42.38,20.56
78.52,47.25,74.44,41.63,20.56
80.2,48.31,75.0,40.88,20.56
81.89,49.25,75.44,40.75,20.56
82.95,49.25,75.44,40.75,20.56
84.64,50.63,76.19,40.56,20.56
85.69,50.63,76.19,40.56,20.56
87.39,51.94,76.94,40.31,20.5
88.45,51.94,76.94,40.31,20.5
90.13,53.13,77.62,39.56,20.5
91.2,53.13,77.62,39.56,20.5
92.89,54.06,77.94,39.0,20.5
93.95,54.06,77.94,39.0,20.5
95.62,54.75,78.37,39.5,20.5
96.69,54.75,78.37,39.5,20.5
98.38,55.19,78.94,40.63,20.5
99.44,55.19,78.94,40.63,20.5
101.12,55.38,79.5,42.44,20.5
102.19,55.38,79.5,42.44,20.5
103.87,55.56,80.0,45.25,20.56
104.93,55.56,80.0,45.25,20.56
106.62,55.94,80.06,47.44,20.56
108.29,56.19,79.94,48.44,20.56
109.99,56.38,79.94,49.38,20.56
111.66,56.5,80.0,50.38,20.56
112.74,56.5,80.0,50.38,20.56
114.42,56.56,80.0,51.63,20.62
115.48,56.56,80.0,51.63,20.62
117.16,56.75,80.0,52.63,20.62
118.22,56.75,80.0,52.63,20.62
119.9,56.81,79.94,53.44,20.69
120.96,56.81,79.94,53.44,20.69
122.64,57.25,79.69,53.69,20.69
123.71,57.25,79.69,53.69,20.69
125.39,57.44,79.62,54.31,20.69
126.46,57.44,79.62,54.31,20.69
128.13,57.44,80.0,54.88,20.75
129.2,57.44,80.0,54.88,20.75
130.87,57.63,79.75,54.88,20.75
131.95,57.63,79.75,54.88,20.75
133.63,57.94,79.44,54.75,20.75
134.68,57.94,79.44,54.75,20.75
136.37,58.19,79.19,54.75,20.81
138.05,58.31,79.0,54.75,20.75
139.12,58.31,79.0,54.75,20.75
140.8,58.5,78.75,54.69,20.75
141.86,58.5,78.75,54.69,20.75
143.53,58.81,78.37,54.44,20.75
144.61,58.81,78.37,54.44,20.75
146.28,59.13,77.94,54.0,20.75
147.97,59.19,77.56,53.94,20.75
149.04,59.19,77.56,53.94,20.75
150.71,59.44,77.12,54.31,20.75
151.78,59.44,77.12,54.31,20.75
153.46,59.63,76.69,54.44,20.75
154.52,59.63,76.69,54.44,20.75
156.21,59.69,76.31,54.56,20.69
157.88,59.56,76.25,54.94,20.69
158.95,59.56,76.25,54.94,20.69
160.63,59.44,76.06,55.44,20.75
161.7,59.44,76.06,55.44,20.75
163.38,59.31,76.0,55.63,20.81
164.43,59.31,76.0,55.63,20.81
166.12,59.25,75.81,55.63,20.81
167.17,59.25,75.81,55.63,20.81
168.86,59.25,75.69,55.63,20.75
169.92,59.25,75.69,55.63,20.75
171.6,59.38,75.5,55.56,20.81
173.29,59.44,75.19,55.56,20.75
174.35,59.44,75.19,55.56,20.75
176.02,59.5,74.87,55.75,20.81
177.72,59.44,74.62,55.69,20.81
178.78,59.44,74.62,55.69,20.81
180.45,59.63,74.25,55.38,20.81
181.52,59.63,74.25,55.38,20.81
183.21,59.69,73.94,55.44,20.81
184.27,59.69,73.94,55.44,20.81
185.94,59.63,73.62,55.13,20.81
187.01,59.63,73.62,55.13,20.81
188.69,59.56,73.31,55.19,20.87
189.76,59.56,73.31,55.19,20.87
191.44,59.5,73.06,55.0,20.87
192.5,59.5,73.06,55.0,20.87
194.18,59.19,72.75,55.06,20.94
195.23,59.19,72.75,55.06,20.94
196.93,59.13,72.44,55.44,20.94
197.98,59.13,72.44,55.44,20.94
199.66,59.06,72.19,55.69,21.0
200.73,59.06,72.19,55.69,21.0
202.41,59.0,71.94,55.75,21.0
203.47,59.0,71.94,55.75,21.0
205.16,58.81,71.87,56.06,21.0
206.21,58.81,71.87,56.06,21.0
207.89,58.44,71.75,56.56,21.06
208.96,58.44,71.75,56.56,21.06
210.64,58.0,71.44,56.81,21.12
211.71,58.0,71.44,56.81,21.12
213.39,57.94,71.25,56.81,21.19
214.45,57.94,71.25,56.81,21.19
216.12,57.06,70.69,55.31,21.19
217.19,57.06,70.69,55.31,21.19
218.86,56.13,70.06,54.5,21.25
219.93,56.13,70.06,54.5,21.25
221.62,55.0,69.5,53.69,21.25
222.68,55.0,69.5,53.69,21.25
224.36,54.56,69.0,52.94,21.31
225.43,54.56,69.0,52.94,21.31
227.1,54.0,68.5,51.75,21.31
228.17,54.0,68.5,51.75,21.31
229.85,53.5,67.94,50.5,21.31
231.54,53.38,67.69,50.06,21.37
233.23,54.19,67.56,49.0,21.37
234.91,54.81,67.44,47.75,21.37
235.97,54.81,67.44,47.75,21.37
237.65,55.63,67.19,46.13,21.37
238.72,55.63,67.19,46.13,21.37
240.4,56.31,67.0,44.63,21.44
242.08,56.63,66.75,43.69,21.44
243.77,56.88,67.25,44.13,21.44
244.83,56.88,67.25,44.13,21.44
246.51,57.31,68.81,44.5,21.44
247.58,57.31,68.81,44.5,21.44
249.26,57.56,70.56,44.63,21.44
250.32,57.56,70.56,44.63,21.44
252.01,57.69,71.62,44.75,21.5
253.08,57.69,71.62,44.75,21.5
254.76,57.81,72.12,44.56,21.5
255.82,57.81,72.12,44.56,21.5
257.5,58.06,72.19,44.5,21.5
258.57,58.06,72.19,44.5,21.5
260.25,58.25,72.06,44.69,21.44
261.94,58.25,71.69,44.69,21.44
263.0,58.25,71.69,44.69,21.44
264.68,58.25,71.44,43.94,21.37
265.74,58.25,71.44,43.94,21.37
267.42,58.38,71.06,42.88,21.37
268.49,58.38,71.06,42.88,21.37
270.18,58.31,70.94,42.5,21.37
271.86,58.31,70.37,42.38,21.31
272.92,58.31,70.37,42.38,21.31
274.6,58.25,69.37,41.56,21.31
275.67,58.25,69.37,41.56,21.31
277.36,58.06,69.5,40.94,21.31
278.42,58.06,69.5,40.94,21.31
280.11,57.94,69.87,41.0,21.37
281.17,57.94,69.87,41.0,21.37
282.85,57.88,69.37,41.06,21.37
283.91,57.88,69.37,41.06,21.37
285.6,57.75,68.56,40.94,21.37
286.66,57.75,68.56,40.94,21.37
288.35,57.69,68.62,40.88,21.37
289.41,57.69,68.62,40.88,21.37
291.1,57.69,69.12,40.69,21.44
292.16,57.69,69.12,40.69,21.44
293.84,57.63,69.44,40.69,21.44
294.9,57.63,69.44,40.69,21.44
296.58,57.56,69.56,40.63,21.44
297.65,57.56,69.56,40.63,21.44
299.33,57.56,69.69,40.44,21.5
301.03,57.5,69.94,40.31,21.5
302.08,57.5,69.94,40.31,21.5
303.78,57.44,70.44,39.94,21.5
304.83,57.44,70.44,39.94,21.5
306.52,57.31,70.87,39.75,21.56
307.58,57.31,70.87,39.75,21.56
309.26,57.19,70.87,39.75,21.56
310.32,57.19,70.87,39.75,21.56
312.02,57.0,70.87,39.38,21.56
313.7,56.75,70.69,39.25,21.62
314.77,56.75,70.69,39.25,21.62
316.45,56.5,70.37,38.88,21.62
317.51,56.5,70.37,38.88,21.62
319.2,56.44,70.25,38.69,21.69
320.26,56.44,70.25,38.69,21.69
321.95,56.31,70.25,38.56,21.75
323.0,56.31,70.25,38.56,21.75
324.7,56.25,70.06,38.31,21.75
325.75,56.25,70.06,38.31,21.75
327.44,56.19,69.81,38.19,21.81
328.49,56.19,69.81,38.19,21.81
330.19,55.81,69.44,38.06,21.81
331.24,55.81,69.44,38.06,21.81
332.94,55.5,69.12,37.63,21.87
334.0,55.5,69.12,37.63,21.87
335.68,55.19,68.69,37.56,21.87
336.75,55.19,68.69,37.56,21.87
338.44,54.94,68.37,37.5,21.87
339.5,54.94,68.37,37.5,21.87
341.19,54.88,67.87,37.44,21.94
342.25,54.88,67.87,37.44,21.94
343.92,54.88,67.37,37.25,21.94
344.99,54.88,67.37,37.25,21.94
346.68,54.63,67.06,37.25,21.94
347.74,54.63,67.06,37.25,21.94
349.43,54.0,66.94,37.13,21.94
351.12,54.0,66.94,37.0,21.94
352.8,53.88,66.81,36.75,22.0
354.48,53.75,66.69,36.88,22.0
356.17,53.63,66.56,36.81,22.0
357.87,53.44,66.56,36.75,22.0
359.56,53.25,66.62,36.69,22.0
361.25,53.13,66.62,36.63,22.0
362.92,53.0,66.56,36.63,22.0
364.62,52.88,66.44,36.56,22.06
366.3,52.81,66.31,36.69,22.06
368.0,52.81,66.19,36.63,22.12
369.68,52.88,65.75,36.31,22.12
371.37,52.88,65.44,36.0,22.06
373.06,52.88,65.12,36.0,22.06
374.75,52.88,64.69,35.81,22.06
376.43,52.81,64.56,35.94,22.0
378.12,52.75,64.31,35.63,22.0
379.81,52.75,63.94,35.06,21.94
381.5,52.69,63.56,34.63,21.94
383.18,52.69,63.31,34.38,21.87
384.88,52.63,63.0,34.38,21.87
386.56,52.56,62.38,33.88,21.87
400.89,52.5,62.0,33.44,21.81
400.96,52.5,61.63,33.19,21.81
401.02,52.44,61.31,33.0,21.81
401.05,52.44,60.88,32.81,21.87
401.08,52.38,60.56,32.69,21.81
401.1,52.38,60.38,32.44,21.81
401.12,52.25,60.25,32.13,21.81
401.13,52.25,60.13,31.94,21.81
401.77,52.13,60.06,32.13,21.87
403.46,52.06,60.0,32.5,21.87
405.14,52.06,59.75,32.63,21.87
406.83,52.0,59.63,32.75,21.87
408.51,51.94,59.38,32.81,21.87
410.21,51.88,58.88,32.88,21.87
411.9,51.81,58.44,32.88,21.81
413.59,51.75,58.25,32.81,21.75
415.26,51.69,57.81,32.56,21.75
416.96,51.63,57.69,32.56,21.81
418.66,51.63,57.75,32.56,21.81
420.34,51.63,57.56,32.63,21.87
422.02,51.56,57.19,32.63,21.81
423.72,51.5,57.13,32.25,21.81
425.41,51.38,57.06,32.19,21.81
427.1,51.25,57.06,32.13,21.87
428.79,51.19,57.06,32.31,21.87
430.47,51.19,56.75,32.25,21.87
432.16,51.13,56.63,32.25,21.87
433.85,51.06,56.5,32.19,21.87
435.53,51.0,56.5,32.25,21.87
437.23,50.88,56.5,32.25,21.87
438.92,50.81,56.56,32.19,21.94
440.61,50.69,56.69,32.13,21.94
442.3,50.5,56.88,32.13,22.0
443.98,50.13,56.88,32.13,22.0
445.68,49.69,56.94,32.13,22.0
447.37,49.19,56.88,32.19,22.0
449.06,48.88,56.94,32.19,22.06
450.75,48.69,56.88,32.06,22.06
452.44,48.88,56.75,31.81,22.06
454.12,48.69,56.63,31.87,22.12
455.81,48.19,56.38,32.0,22.06
457.49,47.88,56.19,32.06,22.06
459.19,47.63,55.88,32.06,22.06
460.87,47.56,55.81,32.06,22.06
462.57,47.5,55.75,32.06,22.06
464.25,47.56,55.56,31.94,22.12
465.95,47.69,55.25,31.87,22.12
467.64,47.69,55.06,31.81,22.12
469.31,47.69,55.06,31.81,22.12
471.01,47.81,55.06,31.75,22.12
472.7,47.88,55.0,31.69,22.19
474.39,47.94,55.06,31.62,22.12
476.08,47.88,55.06,31.5,22.12
477.77,47.75,55.06,31.5,22.19
479.46,47.81,55.06,31.56,22.19
481.14,47.88,54.88,31.69,22.19
482.84,47.88,54.63,31.69,22.19
484.53,47.88,54.44,31.62,22.19
486.22,47.88,54.44,31.69,22.19
487.9,47.88,54.19,31.31,22.19
489.6,47.88,53.94,31.12,22.19
491.27,47.81,53.88,31.12,22.12
492.98,47.81,53.69,31.19,22.12
494.66,47.75,53.63,31.25,22.12
496.35,47.69,53.5,31.37,22.12
498.04,47.56,53.5,31.37,22.12
499.72,47.5,53.63,31.31,22.19
501.42,47.38,53.69,31.19,22.19
503.11,47.19,53.75,31.25,22.19
504.8,47.13,53.75,31.25,22.25
506.48,47.06,53.75,31.25,22.25
508.18,47.06,53.75,31.37,22.31
509.86,47.06,53.56,31.19,22.25
511.56,47.06,53.44,30.87,22.25
513.25,47.0,53.38,30.69,22.25
514.94,47.0,53.31,30.5,22.25
516.62,47.0,53.25,30.25,22.25
518.3,46.94,53.19,30.06,22.31
520.0,46.88,53.06,29.87,22.31
521.69,46.81,53.0,29.69,22.31
523.38,46.75,52.88,29.44,22.37
525.07,46.69,52.88,29.31,22.31
526.76,46.63,52.81,29.19,22.37
528.45,46.56,52.81,29.12,22.37
530.13,46.44,52.81,29.19,22.37
531.82,46.31,52.81,29.31,22.44
533.51,46.19,52.81,29.31,22.44
535.21,46.13,52.81,29.37,22.44
536.9,46.19,52.44,29.44,22.44
538.59,46.19,52.25,29.37,22.44
540.27,46.19,52.19,29.31,22.37
541.97,46.19,51.94,29.31,22.37
543.65,46.19,51.75,29.06,22.37
545.34,46.19,51.56,29.0,22.37
547.04,46.13,51.25,29.12,22.31
548.73,46.13,50.88,29.0,22.25
550.42,46.06,50.75,29.12,22.25
552.1,46.0,50.75,28.81,22.25
553.8,45.94,50.75,28.56,22.25
555.49,45.81,50.75,28.37,22.25
557.17,45.69,50.81,28.37,22.25
558.87,45.56,50.94,28.31,22.25
560.55,45.5,50.94,28.5,22.25
562.24,45.44,50.94,28.5,22.31
563.94,45.38,50.88,28.31,22.25
565.63,45.31,50.75,28.06,22.25
567.32,45.25,50.56,27.81,22.25
569.01,45.25,50.56,27.62,22.25
570.7,45.19,50.5,27.56,22.31
572.38,45.06,50.56,27.5,22.31
574.08,44.94,50.63,27.62,22.37
575.76,44.88,50.69,27.62,22.31
577.46,44.81,50.63,27.81,22.37
579.15,44.63,50.56,27.87,22.44
580.84,44.5,50.56,27.94,22.44
582.54,44.44,50.44,27.87,22.5
584.22,44.38,50.38,27.87,22.5
585.91,44.38,50.31,28.0,22.44
587.61,44.38,50.19,28.19,22.5
589.29,44.38,50.06,28.31,22.5
590.99,44.38,49.88,28.37,22.44
592.67,44.44,49.75,28.37,22.44
594.36,44.38,49.69,28.37,22.44
596.06,44.38,49.63,28.37,22.44
597.73,44.31,49.63,28.5,22.5
599.43,44.38,49.44,28.62,22.44
601.12,44.31,49.31,28.44,22.5
602.81,44.31,49.13,28.25,22.44
604.5,44.25,48.94,28.06,22.44
606.19,44.19,48.88,27.81,22.44
607.87,44.13,48.81,27.56,22.37
609.57,44.13,48.75,27.31,22.44
611.25,44.06,48.63,27.19,22.44
612.96,44.06,48.5,27.06,22.5
614.64,44.06,48.44,27.0,22.5
616.33,44.0,48.44,26.81,22.56
618.02,43.88,48.38,26.75,22.56
619.72,43.81,48.5,26.81,22.56
621.41,43.69,48.44,26.87,22.56
623.09,43.69,48.44,26.75,22.62
624.78,43.69,48.44,26.56,22.62
626.48,43.69,48.25,26.44,22.62
628.17,43.69,48.06,26.37,22.69
629.85,43.63,47.94,26.37,22.69
631.54,43.56,47.81,26.37,22.69
633.24,43.56,47.69,26.31,22.69
634.92,43.5,47.56,26.37,22.75
636.62,43.5,47.5,26.25,22.75
638.31,43.44,47.38,26.19,22.69
640.01,43.38,47.25,26.12,22.69
641.69,43.31,47.31,26.19,22.69
643.38,43.31,47.31,26.19,22.69
645.08,43.31,47.25,26.25,22.69
646.76,43.31,47.25,26.25,22.69
648.45,43.25,47.19,26.19,22.69
650.15,43.13,47.13,26.12,22.75
651.84,43.06,47.13,26.06,22.75
653.53,42.88,47.13,25.94,22.75
655.22,42.75,47.13,25.94,22.75
656.91,42.69,47.06,25.87,22.81
658.6,42.63,47.0,25.75,22.81
660.29,42.56,47.0,25.69,22.81
661.98,42.56,46.94,25.69,22.87
663.67,42.56,46.88,25.62,22.81
665.36,42.56,46.75,25.62,22.87
667.06,42.5,46.63,25.56,22.87
668.74,42.56,46.56,25.44,22.81
670.43,42.5,46.44,25.37,22.81
672.12,42.5,46.19,25.31,22.81
673.82,42.5,45.94,25.12,22.81
675.51,42.5,45.75,25.0,22.75
677.2,42.44,45.56,24.87,22.69
678.88,42.44,45.44,24.69,22.75
680.58,42.38,45.38,24.62,22.75
682.27,42.13,45.31,24.81,22.69
683.96,41.94,45.25,25.12,22.69
685.66,41.81,45.0,25.37,22.69
687.35,41.69,45.0,25.5,22.62
689.04,41.5,44.94,25.5,22.62
690.72,41.44,44.94,25.5,22.62
692.41,41.38,44.88,25.56,22.62
694.11,41.31,44.88,25.56,22.62
695.79,41.25,44.88,25.56,22.69
697.49,41.19,44.88,25.62,22.62
699.18,41.25,44.88,25.75,22.62
700.87,41.25,44.75,25.87,22.69
702.55,41.31,44.56,26.0,22.69
704.25,41.31,44.38,26.12,22.62
705.94,41.31,44.19,26.06,22.62
707.63,41.25,44.13,26.12,22.62
709.33,41.25,44.13,26.19,22.62
711.01,41.25,44.06,26.25,22.56
712.71,41.13,44.13,26.25,22.62
714.39,40.94,44.19,26.19,22.62
716.09,40.94,44.19,26.12,22.62
717.78,40.94,44.0,26.19,22.62
719.46,40.94,43.88,26.06,22.62
721.16,40.94,43.69,25.87,22.56
722.85,40.88,43.63,25.75,22.56
724.54,40.88,43.63,25.87,22.56
726.22,40.81,43.56,25.75,22.56
727.91,40.88,43.44,25.75,22.56
729.61,40.81,43.31,25.87,22.56
731.29,40.75,43.31,25.87,22.56
733.0,40.75,43.25,25.94,22.56
734.68,40.63,43.13,25.94,22.5
736.38,40.56,43.19,25.94,22.56
738.06,40.56,43.19,25.75,22.56
739.75,40.63,43.19,25.69,22.56
741.44,40.44,43.0,25.44,22.62
743.14,40.38,42.69,25.31,22.56
744.82,40.31,42.56,25.31,22.56
746.52,40.31,42.31,25.25,22.5
748.21,40.25,42.06,25.12,22.5
749.9,40.19,41.88,25.12,22.44
751.59,40.13,41.63,24.87,22.37
753.28,40.06,41.56,24.75,22.37
754.97,40.06,41.31,24.81,22.37
756.67,40.0,41.19,24.81,22.31
758.36,39.94,41.06,24.81,22.25
760.05,39.94,40.88,24.62,22.25
761.74,39.88,40.81,24.62,22.25
763.43,39.88,40.75,24.69,22.25
765.12,39.81,40.81,24.69,22.25
766.81,39.81,40.88,24.62,22.25
768.5,39.69,41.0,24.56,22.25
770.2,39.63,41.0,24.69,22.31
771.88,39.56,41.13,24.69,22.37
773.57,39.63,41.13,24.56,22.37
775.26,39.56,41.06,24.44,22.44
788.23,39.56,41.0,24.37,22.44
788.25,39.5,40.94,24.44,22.44
788.26,39.5,40.88,24.5,22.44
788.3,39.44,40.81,24.5,22.44
788.35,39.06,40.88,24.56,22.5
788.38,38.88,40.94,24.56,22.5
788.45,38.81,40.94,24.62,22.5
788.8,38.81,40.88,24.69,22.5
790.49,38.81,40.75,24.56,22.56
792.18,38.81,40.69,24.5,22.56
793.87,38.69,40.63,24.56,22.56
795.55,38.69,40.56,24.62,22.56
797.25,38.75,40.44,24.62,22.5
798.93,38.75,40.31,24.56,22.5
800.63,38.81,40.25,24.56,22.5
802.32,38.75,40.19,24.62,22.56
804.01,38.75,40.13,24.56,22.5
805.71,38.75,40.13,24.56,22.44
807.39,38.75,40.0,24.5,22.5
809.09,38.75,39.94,24.5,22.44
810.76,38.75,39.81,24.56,22.44
812.47,38.69,39.81,24.5,22.44
814.15,38.5,39.88,24.44,22.5
815.85,38.5,39.94,24.5,22.56
817.54,38.38,40.0,24.56,22.5
819.23,38.31,39.94,24.44,22.69
820.92,38.25,40.06,24.37,22.5
822.62,38.0,40.25,24.5,22.69
824.3,37.94,40.38,24.5,22.44
826.0,38.06,40.56,24.5,22.5
827.68,37.81,40.56,24.5,22.5
829.38,37.75,40.44,24.37,22.5
831.06,37.88,40.38,24.19,22.44
832.76,37.81,40.31,24.19,22.44
834.45,37.81,40.25,24.25,22.37
836.14,37.75,40.19,24.19,22.44
837.84,37.69,40.19,24.12,22.37
839.53,37.75,40.13,24.06,22.37
841.21,37.63,40.06,23.94,22.37
842.91,37.56,40.13,24.0,22.37
844.59,37.38,40.25,24.0,22.44
846.29,37.38,40.25,24.0,22.5
847.98,37.44,40.25,24.0,22.44
849.67,37.38,40.19,23.94,22.5
851.37,37.44,40.19,24.0,22.5
853.06,37.38,40.13,24.0,22.5
854.75,37.38,40.0,24.0,22.44
856.43,37.31,39.81,23.94,22.44
858.12,37.31,39.69,23.87,22.44
859.81,37.13,39.81,23.81,22.44
861.51,37.0,39.81,23.75,22.44
863.19,37.0,39.63,23.81,22.44
864.89,36.94,39.63,23.81,22.44
866.58,36.75,39.69,23.87,22.5
868.26,36.56,39.69,23.94,22.44
869.97,36.31,39.69,24.0,22.37
871.66,36.19,39.56,24.06,22.37
873.34,35.94,39.56,24.06,22.31
875.03,35.81,39.5,24.12,22.37
876.72,35.69,39.56,24.06,22.37
878.41,35.63,39.56,24.06,22.44
880.11,35.69,39.5,24.06,22.44
881.81,35.69,39.5,24.0,22.44
883.49,35.56,39.5,24.0,22.5
885.18,35.38,39.38,24.0,22.44
886.87,35.44,39.38,23.87,22.44
888.57,35.5,39.38,23.87,22.5
890.26,35.56,39.38,23.87,22.5
891.95,35.56,39.38,23.81,22.5
893.64,35.56,39.38,23.81,22.5
895.32,35.56,39.38,23.81,22.56
897.03,35.63,39.31,23.75,22.56
898.72,35.5,39.31,23.75,22.56
900.41,35.38,39.31,23.69,22.56
902.09,35.38,39.31,23.62,22.62
903.79,35.38,39.19,23.62,22.62
905.48,35.44,39.25,23.62,22.62
907.17,35.44,39.13,23.62,22.62
908.86,35.44,39.13,23.62,22.62
910.55,35.44,39.06,23.62,22.69
912.24,35.5,39.06,23.62,22.62
913.94,35.44,39.13,23.62,22.62
915.62,35.38,39.13,23.62,22.69
917.31,35.38,39.06,23.56,22.69
919.01,35.38,38.94,23.5,22.69
920.7,35.44,38.88,23.5,22.69
922.39,35.38,38.88,23.5,22.69
924.08,35.38,38.88,23.44,22.69
925.77,35.38,38.94,23.5,22.69
927.45,35.31,38.94,23.5,22.69
929.15,35.25,38.94,23.5,22.69
930.85,35.19,38.94,23.44,22.69
932.54,35.19,38.94,23.31,22.69
934.23,35.19,38.88,23.31,22.75
935.92,35.25,38.75,23.31,22.75
937.61,35.19,38.75,23.25,22.75
939.3,35.19,38.69,23.25,22.69
940.99,35.19,38.63,23.25,22.62
942.68,35.19,38.5,23.19,22.69
944.38,35.19,38.44,23.06,22.62
946.08,35.19,38.38,23.06,22.62
947.77,35.19,38.31,23.0,22.62
949.46,35.19,38.31,23.0,22.62
951.14,35.13,38.31,22.94,22.56
952.83,35.19,38.31,22.87,22.62
954.52,35.13,38.31,22.87,22.56
956.21,35.13,38.31,22.87,22.62
957.91,35.06,38.31,22.81,22.62
959.61,35.06,38.25,22.81,22.62
961.28,35.06,38.19,22.81,22.62
962.99,35.06,38.13,22.75,22.62
964.67,35.0,38.19,22.81,22.62
966.37,35.0,38.25,22.81,22.62
968.06,34.94,38.31,22.81,22.69
969.75,34.94,38.31,22.81,22.69
971.44,34.94,38.25,22.75,22.69
973.13,34.94,38.19,22.69,22.69
974.82,34.94,38.13,22.69,22.62
976.51,34.94,38.06,22.62,22.62
978.21,34.94,37.94,22.62,22.62
979.9,34.88,37.94,22.56,22.62
981.6,34.88,37.94,22.56,22.62
983.28,34.81,38.0,22.62,22.62
984.97,34.75,38.0,22.5,22.69
986.66,34.75,38.06,22.44,22.69
988.36,34.69,38.0,22.44,22.69
990.05,34.69,37.94,22.44,22.69
991.75,34.69,37.88,22.44,22.69
993.44,34.69,37.75,22.44,22.62
995.13,34.56,37.81,22.44,22.69
996.82,34.56,37.81,22.44,22.69
998.51,34.44,37.88,22.44,22.69
1000.2,34.38,37.88,22.44,22.75
1001.89,34.31,37.88,22.44,22.69
1003.57,34.25,37.88,22.44,22.75
1005.28,34.25,37.94,22.44,22.75
1006.97,34.19,37.94,22.44,22.75
1008.66,34.25,37.88,22.44,22.75
1010.35,34.25,37.81,22.44,22.75
1012.04,34.25,37.69,22.44,22.81
1013.73,34.25,37.69,22.44,22.75
1015.43,34.25,37.69,22.44,22.75
1017.11,34.19,37.69,22.37,22.75
1018.81,34.06,37.69,22.37,22.75
1020.5,34.06,37.63,22.37,22.81
1022.19,34.06,37.56,22.37,22.81
1023.88,34.06,37.44,22.37,22.75
1025.57,34.06,37.44,22.37,22.75
1027.27,34.06,37.44,22.37,22.75
1028.96,34.06,37.44,22.31,22.81
1030.65,34.06,37.38,22.31,22.75
1032.34,34.06,37.19,22.31,22.75
1034.03,34.06,37.13,22.31,22.75
1035.73,34.06,37.06,22.25,22.69
1037.41,34.0,37.06,22.19,22.69
1039.1,34.0,36.94,22.19,22.62
1040.8,34.0,36.81,22.19,22.69
1042.49,33.94,36.75,22.19,22.69
1044.19,33.94,36.69,22.25,22.62
1045.88,33.94,36.56,22.19,22.62
1047.57,33.94,36.5,22.25,22.62
1049.26,33.88,36.31,22.25,22.56
1050.95,33.94,36.31,22.25,22.56
1052.64,33.88,36.25,22.19,22.56
1054.33,33.81,36.25,22.19,22.56
1056.03,33.75,36.25,22.12,22.62
1057.71,33.69,36.31,22.12,22.62
1059.4,33.69,36.31,22.19,22.69
1061.1,33.69,36.31,22.06,22.62
1062.79,33.63,36.31,22.06,22.69
1064.48,33.63,36.31,22.12,22.69
1066.18,33.63,36.25,22.12,22.69
1067.87,33.63,36.19,22.06,22.62
1069.56,33.63,36.13,22.06,22.69
1071.25,33.56,36.19,22.06,22.69
1072.93,33.56,36.25,22.0,22.69
1074.62,33.56,36.25,22.0,22.75
1076.32,33.56,36.13,21.94,22.75
1078.01,33.56,35.94,21.87,22.69
1079.71,33.5,35.81,21.87,22.69
1081.39,33.5,35.75,21.87,22.62
1083.09,33.5,35.63,21.87,22.69
1084.79,33.44,35.5,21.81,22.62
1086.47,33.5,35.38,21.75,22.56
1088.17,33.44,35.38,21.69,22.62
1089.86,33.44,35.31,21.69,22.62
1091.55,33.44,35.38,21.75,22.56
1093.24,33.38,35.31,21.69,22.56
1094.93,33.38,35.31,21.69,22.56
1096.63,33.31,35.31,21.62,22.56
1098.32,33.31,35.38,21.62,22.56
1100.0,33.31,35.38,21.62,22.56
1101.71,33.31,35.38,21.62,22.56
1103.4,33.19,35.38,21.56,22.56
1105.09,33.19,35.38,21.62,22.56
1321.1,33.13,35.38,21.62,22.62
1321.12,32.94,35.38,21.62,22.56
1321.18,32.88,35.38,21.62,22.62
1321.21,32.88,35.38,21.62,22.62
1321.25,32.88,35.31,21.62,22.62
1321.29,32.88,35.31,21.56,22.62
1321.35,32.88,35.31,21.56,22.62
1321.43,32.5,35.25,21.62,22.62
1321.51,32.06,35.13,21.75,22.56
1321.57,31.62,35.0,21.81,22.5
1321.64,31.31,34.88,21.94,22.44
1321.71,31.19,34.81,21.94,22.44
1321.76,31.25,34.75,21.94,22.44
1321.79,31.37,34.63,21.81,22.44
1321.81,31.44,34.5,21.75,22.5
1321.83,31.44,34.44,21.69,22.5
1321.85,31.5,34.44,21.75,22.5
1321.87,31.44,34.38,21.75,22.5
1321.89,31.12,34.31,21.81,22.44
1321.95,30.81,34.19,21.87,22.37
1321.98,30.56,34.13,22.0,22.31
1322.04,30.37,34.0,22.06,22.25
1322.07,30.25,33.94,22.06,22.25
1322.11,30.31,33.88,22.12,22.19
1322.16,30.31,33.81,22.12,22.19
1322.22,30.19,33.81,22.19,22.19
1322.25,30.06,33.81,22.25,22.19
1322.31,29.87,33.69,22.25,22.19
1322.35,29.87,33.69,22.31,22.12
1322.39,29.87,33.63,22.31,22.12
1322.43,30.0,33.56,22.31,22.19
1322.47,30.06,33.5,22.25,22.19
1322.51,30.12,33.44,22.19,22.19
1322.55,30.19,33.38,22.19,22.19
1322.61,30.25,33.38,22.19,22.25
1322.65,29.87,33.31,22.19,22.19
1322.71,29.56,33.19,22.31,22.06
1322.76,29.25,33.13,22.37,22.0
1322.83,29.31,33.06,22.31,22.0
1322.86,29.06,33.0,22.37,21.94
1322.9,29.06,32.94,22.44,21.94
1322.92,29.19,32.88,22.37,21.94
1322.94,29.25,32.88,22.44,21.87
1322.96,29.0,32.81,22.5,21.87
1322.98,28.94,32.75,22.56,21.81
1323.0,29.0,32.75,22.5,21.81
1323.04,29.12,32.75,22.44,21.81
1323.08,29.19,32.69,22.44,21.81
1323.12,28.94,32.63,22.56,21.81
1323.14,28.69,32.56,22.56,21.75
1323.16,28.75,32.56,22.62,21.75
1323.19,28.75,32.44,22.62,21.75
1323.21,28.87,32.44,22.56,21.75
1323.23,28.94,32.44,22.56,21.75
1323.24,29.0,32.38,22.56,21.75
1323.26,28.87,32.31,22.62,21.75
1323.29,28.75,32.25,22.69,21.75
1323.31,28.62,32.25,22.69,21.75
1323.32,28.69,32.13,22.62,21.75
1323.34,28.75,32.13,22.62,21.75
1323.35,28.81,32.13,22.62,21.81
1323.37,28.75,32.13,22.62,21.75
1323.39,28.75,32.06,22.56,21.75
1323.4,28.81,32.06,22.44,21.75
1323.42,28.87,32.0,22.37,21.75
1323.44,28.94,31.94,22.31,21.81
1323.45,28.81,31.94,22.25,21.81
1323.46,28.62,31.94,22.25,21.81
1323.48,28.69,31.94,22.31,21.81
1323.49,28.75,32.0,22.25,21.81
1323.5,28.69,31.94,22.25,21.81
1323.51,28.69,32.0,22.25,21.81
1323.53,28.75,31.94,22.19,21.81
1323.54,28.75,31.94,22.12,21.87
1323.54,28.81,31.94,22.06,21.81
1323.55,28.81,31.94,22.0,21.87
1323.56,28.81,31.94,21.94,21.87
1323.56,28.87,31.94,21.94,21.87
1323.57,28.87,32.0,21.87,21.87
1323.57,28.94,31.94,21.87,21.87
1323.58,28.94,31.94,21.87,21.87
1323.59,28.94,31.87,21.81,21.94
1323.62,28.94,31.87,21.81,21.94
1323.63,28.87,31.87,21.81,21.87
1323.64,28.87,31.81,21.75,21.94
1323.64,28.81,31.81,21.75,21.94
1323.65,28.81,31.81,21.69,21.94
1323.66,28.87,31.75,21.75,22.0
1323.66,28.87,31.81,21.69,21.94
1323.67,28.87,31.75,21.69,22.0
1323.67,28.87,31.75,21.62,22.0
1323.68,28.94,31.75,21.62,22.06
1323.69,28.94,31.75,21.56,22.06
1323.69,28.94,31.69,21.5,22.06
1323.7,29.0,31.69,21.44,22.12
1323.71,29.0,31.69,21.44,22.06
1323.72,28.94,31.69,21.5,22.12
1323.72,29.0,31.69,21.5,22.12
1323.74,29.0,31.62,21.56,22.06
1323.74,29.0,31.62,21.56,22.06
1323.74,29.0,31.62,21.56,22.12
1323.75,29.0,31.62,21.5,22.06
1323.76,29.0,31.62,21.5,22.12
1323.76,29.0,31.37,21.06,22.25
1323.78,28.5,31.37,21.06,22.25
1323.78,28.56,31.31,21.12,22.25
1325.01,28.5,31.25,21.06,22.25
1326.7,28.44,31.25,21.0,22.25
1328.39,28.5,31.19,20.94,22.25
1330.09,28.56,31.06,20.87,22.19
1331.78,28.56,31.0,20.81,22.19
1333.47,28.62,30.87,20.81,22.19
1335.16,28.62,30.81,20.75,22.12
1336.85,28.62,30.75,20.69,22.12
1338.55,28.62,30.69,20.62,22.06
1340.23,28.62,30.75,20.62,22.12
1341.93,28.69,30.75,20.62,22.12
1343.63,28.69,30.69,20.56,22.12
1345.32,28.69,30.5,20.44,22.06
1347.0,28.62,30.37,20.37,22.0
1348.7,28.62,30.25,20.25,22.0
1350.39,28.62,30.19,20.12,21.94
1352.09,28.62,30.06,20.0,21.94
1353.78,28.62,29.94,19.87,21.87
1355.47,28.62,29.81,19.75,21.87
1357.16,28.62,29.62,19.69,21.87
1358.85,28.69,29.5,19.56,21.87
1360.54,28.62,29.37,19.56,21.87
1362.24,28.62,29.37,19.5,21.81
1363.93,28.62,29.31,19.56,21.81
1365.63,28.62,29.25,19.56,21.81
1367.31,28.62,29.25,19.62,21.81
1369.01,28.62,29.25,19.62,21.81
1370.7,28.62,29.25,19.62,21.81
1372.39,28.62,29.25,19.56,21.81
1374.09,28.69,29.19,19.56,21.81
1375.78,28.62,29.19,19.56,21.81
1377.46,28.69,29.19,19.56,21.81
1379.15,28.69,29.12,19.56,21.81
1380.85,28.62,29.12,19.5,21.81
1382.54,28.62,29.06,19.5,21.81
1384.24,28.62,29.06,19.5,21.75
1385.93,28.62,29.12,19.5,21.75
1387.62,28.62,29.12,19.5,21.81
1389.32,28.62,29.12,19.5,21.81
1391.01,28.62,29.19,19.56,21.87
1392.7,28.56,29.25,19.56,21.94
1394.4,28.62,29.25,19.56,21.94
1396.07,28.62,29.31,19.56,21.94
1397.78,28.56,29.31,19.56,22.0
1399.47,28.56,29.37,19.56,22.0
1401.17,28.56,29.44,19.56,22.0
1402.86,28.56,29.37,19.56,22.06
1404.55,28.62,29.44,19.56,22.06
1406.24,28.56,29.44,19.56,22.06
1407.93,28.56,29.37,19.56,22.06
1409.62,28.62,29.37,19.56,22.06
1411.31,28.62,29.31,19.56,22.06
1413.01,28.62,29.12,19.5,22.0
1414.69,28.56,29.12,19.44,22.0
1416.4,28.62,29.0,19.44,21.94
1418.08,28.62,28.87,19.44,21.94
1419.77,28.62,28.75,19.44,21.94
1421.47,28.56,28.69,19.31,21.94
1423.16,28.62,28.62,19.25,21.87
1424.85,28.62,28.56,19.25,21.81
1426.54,28.56,28.5,19.31,21.81
1428.24,28.56,28.37,19.25,21.81
1429.93,28.56,28.37,19.31,21.75
1431.63,28.56,28.37,19.31,21.75
1433.31,28.56,28.44,19.25,21.75
1435.01,28.5,28.5,19.31,21.81
1436.7,28.5,28.5,19.19,21.81
1438.4,28.56,28.44,19.12,21.81
1440.09,28.56,28.37,19.06,21.81
1441.79,28.56,28.31,19.0,21.81
1443.47,28.56,28.31,19.06,21.81
1445.16,28.5,28.31,19.06,21.81
1446.85,28.5,28.31,19.12,21.81
1448.55,28.56,28.37,19.12,21.87
1450.24,28.5,28.31,19.19,21.87
1451.94,28.5,28.25,19.19,21.87
1453.63,28.44,28.31,19.12,21.94
1455.32,28.37,28.37,19.12,21.94
1457.01,28.37,28.37,19.19,22.0
1458.7,28.37,28.37,19.12,22.0
1460.4,28.37,28.44,19.12,22.0
1462.09,28.31,28.44,19.12,22.0
1463.78,28.31,28.5,19.06,22.06
1465.47,28.31,28.5,19.06,22.06
1467.17,28.31,28.5,19.12,22.06
1468.86,28.31,28.56,19.19,22.06
1470.55,28.25,28.56,19.25,22.12
1472.25,28.25,28.56,19.25,22.12
1473.94,28.19,28.62,19.31,22.12
1475.63,28.12,28.62,19.31,22.12
1477.32,27.87,28.62,19.37,22.06
1479.01,27.75,28.62,19.44,22.06
1480.71,27.62,28.62,19.44,22.06
1482.4,27.69,28.62,19.5,22.06
1484.1,27.75,28.5,19.44,22.06
1485.79,27.75,28.5,19.37,22.12
1487.48,27.81,28.44,19.37,22.12
1489.17,27.75,28.44,19.37,22.12
1490.85,27.81,28.37,19.44,22.12
1492.55,27.81,28.31,19.37,22.12
1494.25,27.75,28.31,19.44,22.12
1495.94,27.75,28.37,19.44,22.12
1497.63,27.75,28.37,19.44,22.12
1499.33,27.75,28.37,19.44,22.12
1501.02,27.81,28.37,19.44,22.19
1502.71,27.75,28.37,19.44,22.12
1504.4,27.62,28.37,19.44,22.12
1506.1,27.69,28.37,19.44,22.12
1507.79,27.69,28.37,19.37,22.12
1509.48,27.69,28.37,19.44,22.19
1511.17,27.69,28.31,19.37,22.19
1512.87,27.69,28.31,19.37,22.19
1514.56,27.75,28.31,19.37,22.19
1516.25,27.75,28.25,19.31,22.19
1517.95,27.75,28.19,19.31,22.12
1519.64,27.75,28.19,19.25,22.12
1521.33,27.75,28.19,19.31,22.12
1523.03,27.62,28.25,19.25,22.12
1524.72,27.62,28.25,19.25,22.12
1593.74,27.62,28.25,19.25,22.19
1593.77,27.62,28.31,19.25,22.19
1593.88,27.62,28.25,19.19,22.19
1594.0,27.62,28.25,19.12,22.19
1594.04,27.62,28.19,19.12,22.12
1594.07,27.69,28.19,19.12,22.12
1594.09,27.69,28.19,19.06,22.12
1594.14,27.69,28.06,19.0,22.06
1594.17,27.62,28.0,19.0,22.06
1594.2,27.62,27.94,18.87,22.0
1594.25,27.62,27.81,18.75,22.0
1594.27,27.62,27.69,18.69,21.94
1594.3,27.62,27.56,18.62,21.87
1594.33,27.62,27.5,18.62,21.81
1594.36,27.56,27.44,18.62,21.81
1594.39,27.56,27.37,18.62,21.81
1594.47,27.56,27.25,18.56,21.75
1594.53,27.56,27.19,18.56,21.75
1594.57,27.56,27.12,18.5,21.69
1594.61,27.56,27.12,18.44,21.69
1594.64,27.5,27.06,18.44,21.69
1594.66,27.5,27.0,18.37,21.69
1594.69,27.5,26.94,18.25,21.69
1594.72,27.5,26.81,18.25,21.62
1594.74,27.5,26.75,18.19,21.69
1594.77,27.44,26.69,18.19,21.69
1594.79,27.44,26.69,18.12,21.69
1594.81,27.5,26.62,18.12,21.69
1594.86,27.44,26.56,18.06,21.69
1594.89,27.44,26.56,17.94,21.69
1594.92,27.44,26.44,17.87,21.62
1594.93,27.44,26.31,17.87,21.56
1594.98,27.44,26.25,17.81,21.56
1595.0,27.44,26.25,17.81,21.62
1595.02,27.44,26.25,17.75,21.62
1595.04,27.44,26.25,17.75,21.62
1595.07,27.37,26.19,17.75,21.62
1595.1,27.44,26.19,17.75,21.69
1595.12,27.37,26.12,17.69,21.62
1595.17,27.31,26.06,17.56,21.62
1595.2,27.37,26.0,17.56,21.56
1595.81,27.31,25.94,17.56,21.56
1597.5,27.31,25.87,17.56,21.5
1599.19,27.25,25.81,17.62,21.5
1600.89,27.25,25.75,17.62,21.5
1602.58,27.25,25.75,17.69,21.44
1604.28,27.25,25.75,17.69,21.44
1605.97,27.19,25.75,17.69,21.37
1607.66,27.19,25.81,17.69,21.44
1609.35,27.19,25.81,17.69,21.37
1611.04,27.12,25.81,17.69,21.44
1612.73,27.12,25.81,17.69,21.44
1614.43,27.12,25.75,17.62,21.44
1616.13,27.06,25.69,17.56,21.44
1617.82,27.06,25.62,17.5,21.44
1619.51,27.06,25.5,17.44,21.37
1621.2,27.06,25.5,17.37,21.37
1622.89,27.06,25.31,17.31,21.31
1624.59,27.0,25.25,17.25,21.31
1626.28,27.0,25.19,17.19,21.37
1627.98,27.0,25.06,17.19,21.31
1629.66,27.0,25.0,17.12,21.31
1631.36,27.0,25.0,17.06,21.31
1633.05,26.94,25.0,17.12,21.25
1634.75,26.94,25.06,17.12,21.31
1636.44,26.94,25.12,17.19,21.31
1638.13,26.87,25.19,17.19,21.37
1639.83,26.81,25.25,17.25,21.31
1641.51,26.81,25.25,17.31,21.37
1643.21,26.75,25.25,17.31,21.37
1644.9,26.81,25.25,17.31,21.37
1646.59,26.75,25.25,17.25,21.31
1648.29,26.75,25.19,17.31,21.31
1649.98,26.75,25.19,17.31,21.31
1651.67,26.75,25.19,17.31,21.31
1653.36,26.69,25.19,17.31,21.25
1655.06,26.69,25.06,17.25,21.25
1656.74,26.69,25.0,17.25,21.25
1658.45,26.62,25.0,17.25,21.25
1660.15,26.44,25.0,17.31,21.25
1661.84,26.37,25.06,17.31,21.25
1663.53,26.44,25.0,17.37,21.31
1665.22,26.37,25.06,17.37,21.31
1666.9,26.37,25.06,17.37,21.31
1668.61,26.37,25.06,17.44,21.31
1670.3,26.37,25.12,17.5,21.37
1671.99,26.37,25.12,17.5,21.44
1673.69,26.37,25.19,17.5,21.44
1675.38,26.44,25.19,17.56,21.44
1677.07,26.44,25.25,17.56,21.5
1678.76,26.37,25.31,17.62,21.56
1680.46,26.37,25.31,17.62,21.56
1682.14,26.44,25.37,17.69,21.56
1683.85,26.37,25.37,17.69,21.62
1685.53,26.37,25.37,17.69,21.62
1687.23,26.37,25.44,17.69,21.62
1688.92,26.37,25.5,17.69,21.62
1690.62,26.37,25.5,17.75,21.62
1692.31,26.37,25.56,17.69,21.69
1694.0,26.37,25.56,17.69,21.69
1695.7,26.37,25.56,17.69,21.69
1697.39,26.37,25.62,17.75,21.69
1699.08,26.37,25.62,17.75,21.69
1700.77,26.25,25.69,17.75,21.69
1702.46,26.12,25.69,17.75,21.69
1704.16,26.12,25.75,17.81,21.69
1705.85,26.12,25.75,17.81,21.69
1707.55,26.12,25.75,17.81,21.75
1709.24,26.06,25.81,17.81,21.75
1710.93,26.06,25.81,17.81,21.75
1712.62,26.06,25.81,17.75,21.69
1714.32,26.12,25.81,17.75,21.69
1716.01,26.12,25.75,17.69,21.62
1717.7,26.12,25.75,17.56,21.56
1719.39,26.12,25.75,17.56,21.56
1721.09,26.12,25.81,17.56,21.5
1722.77,26.0,25.81,17.62,21.56
1724.48,26.0,25.87,17.62,21.56
1726.17,26.0,25.87,17.69,21.62
1727.86,26.06,25.87,17.62,21.62
1729.54,26.0,25.87,17.62,21.62
1731.24,26.0,25.87,17.56,21.56
1732.94,26.0,25.87,17.5,21.5
1734.63,26.0,25.87,17.5,21.5
1736.32,26.06,25.87,17.5,21.5
1738.01,26.06,25.87,17.5,21.5
1739.71,26.06,25.87,17.5,21.56
1741.41,26.06,25.94,17.44,21.56
1743.1,26.0,25.94,17.37,21.56
1744.79,26.06,25.94,17.44,21.5
1746.47,26.0,25.94,17.44,21.56
1748.17,26.0,26.0,17.44,21.5
1749.87,25.94,26.0,17.5,21.56
1751.55,25.94,26.0,17.56,21.56
1753.25,25.87,26.0,17.62,21.56
1754.94,25.94,26.0,17.69,21.56
1756.64,25.94,26.06,17.69,21.62
1758.34,25.94,26.06,17.69,21.62
1760.03,25.94,26.06,17.62,21.69
1761.71,25.87,26.06,17.62,21.69
1763.41,25.94,26.06,17.62,21.62
1765.11,25.94,26.0,17.56,21.56
1766.79,25.94,26.0,17.5,21.56
1768.49,25.94,26.06,17.5,21.5
1770.18,25.94,26.06,17.5,21.5
1771.88,25.94,26.0,17.5,21.5
1773.57,25.94,26.0,17.44,21.44
1775.26,25.94,26.0,17.31,21.44
1776.95,25.87,25.94,17.31,21.37
1778.65,25.87,25.87,17.31,21.37
1780.34,25.87,25.87,17.25,21.37
1782.03,25.87,25.81,17.19,21.31
1783.72,25.87,25.75,17.19,21.31
1785.42,25.87,25.75,17.19,21.25
1787.1,25.87,25.69,17.12,21.25
1788.81,25.87,25.69,17.06,21.31
1790.5,25.81,25.69,17.06,21.31
1792.2,25.81,25.69,17.06,21.31
1793.88,25.81,25.62,17.06,21.31
1795.58,25.81,25.62,17.0,21.31
1797.26,25.81,25.62,16.94,21.25
1798.96,25.81,25.62,16.94,21.25
1800.66,25.81,25.56,16.94,21.31
1802.35,25.81,25.56,16.87,21.31
1804.05,25.75,25.5,16.87,21.31
1805.73,25.75,25.44,16.87,21.31
1807.42,25.75,25.37,16.81,21.25
1809.12,25.75,25.31,16.75,21.25
1810.81,25.75,25.31,16.75,21.25
1812.51,25.75,25.31,16.75,21.25
1814.21,25.75,25.31,16.75,21.25
1815.89,25.69,25.31,16.75,21.25
1817.59,25.69,25.31,16.75,21.25
1819.28,25.69,25.31,16.81,21.31
1820.97,25.62,25.31,16.81,21.25
1822.67,25.62,25.31,16.87,21.25
1824.37,25.62,25.25,16.87,21.25
1826.06,25.62,25.19,16.87,21.25
1827.74,25.62,25.19,16.81,21.25
1829.45,25.56,25.12,16.81,21.25
1831.14,25.62,25.06,16.81,21.25
1832.83,25.56,25.0,16.81,21.25
1834.52,25.62,25.06,16.81,21.25
1836.22,25.56,25.06,16.75,21.25
1837.91,25.56,25.0,16.81,21.25
1839.61,25.56,24.94,16.75,21.19
1841.3,25.56,24.87,16.81,21.19
1842.36,25.56,24.87,16.81,21.19
1844.05,25.56,24.81,16.81,21.12
1845.74,25.5,24.75,16.75,21.12
1847.44,25.5,24.75,16.81,21.12
1849.13,25.5,24.75,16.81,21.12
1850.82,25.5,24.69,16.81,21.12
1852.52,25.5,24.75,16.81,21.19
1854.21,25.5,24.81,16.75,21.19
1855.89,25.44,24.75,16.75,21.19
1857.6,25.44,24.69,16.69,21.19
1859.28,25.44,24.56,16.62,21.19
1860.35,25.44,24.56,16.62,21.19
1862.03,25.44,24.5,16.56,21.12
1863.74,25.44,24.44,16.56,21.12
1864.79,25.44,24.44,16.56,21.12
1866.49,25.44,24.37,16.62,21.12
1867.54,25.44,24.37,16.62,21.12
1869.24,25.44,24.31,16.62,21.12
1870.94,25.44,24.31,16.62,21.12
1872.0,25.44,24.31,16.62,21.12
1873.69,25.37,24.25,16.62,21.12
1875.38,25.44,24.25,16.69,21.06
1876.44,25.44,24.25,16.69,21.06
1878.14,25.37,24.25,16.62,21.0
1879.2,25.37,24.25,16.62,21.0
1880.88,25.31,24.06,16.56,21.0
1881.95,25.31,24.06,16.56,21.0
1883.01,25.31,24.06,16.56,21.0
1884.07,25.31,24.0,16.5,20.94
1885.77,25.31,23.94,16.44,20.94
1886.83,25.31,23.94,16.44,20.94
1888.52,25.31,23.87,16.31,20.87
1889.58,25.31,23.87,16.31,20.87
1891.27,25.25,23.81,16.25,20.87
1892.33,25.25,23.81,16.25,20.87
1894.02,25.25,23.69,16.25,20.87
1895.09,25.25,23.69,16.25,20.87
1896.15,25.25,23.69,16.25,20.81
1897.84,25.25,23.69,16.31,20.81
1899.54,25.25,23.69,16.31,20.81
1900.6,25.25,23.69,16.31,20.81
1901.65,25.19,23.69,16.31,20.81
1903.35,25.19,23.69,16.37,20.81
1904.4,25.19,23.69,16.37,20.81
1905.47,25.19,23.69,16.37,20.81
1906.52,25.19,23.62,16.37,20.81
1907.59,25.19,23.69,16.37,20.81
1908.66,25.12,23.62,16.37,20.81
1910.33,25.12,23.56,16.37,20.81
1911.41,25.12,23.56,16.37,20.81
1912.47,25.06,23.56,16.37,20.81
1913.53,25.12,23.5,16.37,20.75
1914.59,25.06,23.5,16.37,20.75
1915.65,25.06,23.5,16.37,20.81
1916.71,25.06,23.5,16.37,20.75
1917.77,25.06,23.44,16.37,20.75
1918.82,25.0,23.44,16.31,20.75
1919.89,25.0,23.44,16.31,20.75
1920.94,25.0,23.37,16.25,20.69
1922.65,25.0,23.37,16.31,20.75
1923.7,25.0,23.37,16.31,20.75
1924.77,24.94,23.37,16.31,20.75
1925.81,24.94,23.37,16.31,20.69
1926.88,24.94,23.31,16.25,20.75
1927.95,24.94,23.31,16.19,20.75
1929.01,24.94,23.31,16.25,20.75
1930.07,24.94,23.25,16.25,20.75
1931.13,24.94,23.25,16.19,20.75
1932.19,24.94,23.31,16.25,20.75
1933.87,24.94,23.25,16.25,20.81
1934.94,24.94,23.25,16.25,20.81
1936.0,24.94,23.25,16.25,20.81
1937.07,24.87,23.25,16.25,20.81
1938.12,24.87,23.19,16.25,20.81
1939.18,24.94,23.25,16.25,20.81
1940.25,24.94,23.19,16.25,20.81
1941.3,24.87,23.19,16.25,20.81
1942.37,24.87,23.19,16.25,20.81
1943.43,24.87,23.19,16.25,20.81
1945.12,24.87,23.25,16.31,20.81
1946.18,24.87,23.25,16.31,20.81
1947.24,24.87,23.25,16.25,20.81
1948.3,24.81,23.25,16.31,20.81
1949.36,24.81,23.25,16.31,20.81
1950.42,24.87,23.25,16.31,20.81
1951.48,24.81,23.25,16.31,20.81
1952.54,24.81,23.25,16.31,20.87
1953.6,24.81,23.31,16.37,20.87
1954.67,24.81,23.31,16.31,20.87
1956.36,24.81,23.37,16.31,20.94
1957.42,24.81,23.37,16.31,20.94
1958.47,24.81,23.37,16.31,20.94
1959.53,24.81,23.37,16.37,20.94
1960.6,24.81,23.37,16.37,21.0
1961.66,24.81,23.37,16.37,21.0
1962.71,24.81,23.37,16.37,21.0
1963.78,24.81,23.44,16.37,21.0
1964.84,24.75,23.37,16.44,21.0
1965.9,24.81,23.44,16.44,21.06
1967.58,24.81,23.44,16.37,21.06
1968.66,24.81,23.44,16.37,21.06
1969.71,24.81,23.44,16.44,21.0
1970.78,24.75,23.44,16.44,21.0
1971.83,24.75,23.44,16.44,21.06
1972.9,24.75,23.44,16.5,21.06
1973.96,24.75,23.5,16.5,21.06
1975.02,24.75,23.5,16.5,21.06
1976.07,24.69,23.44,16.5,21.12
1977.14,24.69,23.5,16.5,21.12
1978.84,24.69,23.44,16.5,21.12
1979.9,24.69,23.44,16.5,21.12
1980.95,24.69,23.37,16.5,21.12
1982.01,24.69,23.31,16.44,21.12
1983.06,24.69,23.31,16.5,21.06
1984.76,24.69,23.37,16.5,21.12
1985.82,24.69,23.37,16.5,21.12
1986.89,24.69,23.37,16.56,21.12
1987.95,24.69,23.37,16.56,21.12
1989.0,24.62,23.37,16.56,21.12
1990.07,24.69,23.37,16.56,21.19
1991.13,24.62,23.37,16.56,21.12
1992.18,24.69,23.37,16.56,21.19
1993.25,24.62,23.31,16.56,21.19
1994.3,24.62,23.25,16.56,21.12
1995.37,24.62,23.25,16.56,21.19
1996.44,24.62,23.25,16.56,21.12
1997.49,24.62,23.31,16.62,21.19
1998.55,24.62,23.31,16.62,21.19
2000.24,24.62,23.31,16.62,21.25
2001.31,24.62,23.31,16.62,21.25
2002.37,24.62,23.31,16.62,21.19
2003.43,24.62,23.37,16.69,21.19
2004.49,24.62,23.31,16.69,21.25
2006.18,24.56,23.37,16.69,21.25
2007.25,24.56,23.37,16.69,21.25
2008.31,24.62,23.37,16.69,21.25
2009.37,24.62,23.37,16.75,21.25
2010.42,24.62,23.37,16.75,21.25
2011.48,24.56,23.44,16.75,21.31
2012.54,24.56,23.44,16.75,21.31
2013.6,24.56,23.44,16.75,21.31
2014.66,24.56,23.44,16.75,21.31
2015.72,24.56,23.44,16.75,21.31
2016.78,24.56,23.44,16.75,21.37
2018.48,24.56,23.5,16.81,21.31
2019.54,24.56,23.5,16.81,21.31
2021.24,24.56,23.5,16.81,21.37
2022.29,24.56,23.5,16.81,21.37
2023.35,24.56,23.44,16.81,21.31
2024.41,24.56,23.37,16.81,21.37
2025.47,24.5,23.37,16.81,21.37
2026.53,24.56,23.37,16.81,21.37
2027.59,24.5,23.31,16.75,21.31
2028.66,24.56,23.25,16.75,21.31
2029.71,24.5,23.19,16.75,21.31
2030.77,24.5,23.19,16.75,21.25
2032.47,24.5,23.19,16.69,21.25
2033.52,24.5,23.19,16.69,21.25
2034.59,24.5,23.12,16.69,21.25
2035.65,24.5,23.12,16.69,21.25
2036.71,24.5,23.06,16.69,21.19
2037.78,24.44,23.0,16.69,21.19
2038.83,24.44,23.0,16.62,21.19
2039.89,24.44,23.0,16.69,21.19
2040.96,24.37,23.06,16.69,21.19
2042.02,24.37,23.06,16.69,21.19
2043.07,24.44,23.06,16.75,21.25
2044.13,24.37,23.12,16.75,21.25
2045.19,24.37,23.06,16.69,21.25
2046.25,24.37,23.12,16.69,21.25
2047.31,24.37,23.12,16.69,21.25
2048.37,24.37,23.12,16.69,21.25
2049.43,24.37,23.12,16.62,21.25
2050.5,24.37,23.12,16.62,21.19
2051.56,24.37,23.12,16.62,21.25
2053.24,24.37,23.06,16.62,21.19
2054.32,24.37,23.06,16.62,21.19
2055.36,24.37,23.06,16.62,21.19
2056.43,24.31,23.0,16.62,21.19
2057.5,24.37,23.06,16.56,21.19
2059.19,24.31,23.0,16.56,21.12
2060.25,24.31,23.0,16.56,21.12
2061.31,24.31,23.06,16.62,21.19
2062.37,24.31,23.12,16.62,21.19
2063.43,24.31,23.06,16.62,21.25
2064.49,24.31,23.12,16.69,21.25
2065.56,24.25,23.06,16.69,21.25
2066.6,24.25,23.06,16.75,21.25
2067.67,24.25,23.06,16.81,21.25
2068.73,24.19,23.0,16.81,21.25
2069.78,24.19,23.06,16.87,21.25
2070.85,24.19,23.06,16.87,21.25
2071.91,24.19,23.06,16.81,21.25
2072.98,24.25,23.06,16.87,21.25
2074.02,24.19,23.06,16.81,21.25
2075.1,24.19,23.06,16.81,21.25
2076.15,24.19,23.06,16.87,21.31
2077.22,24.19,23.06,16.87,21.31
2078.28,24.19,23.06,16.87,21.31
2079.34,24.19,23.06,16.87,21.31
2080.4,24.19,23.06,16.81,21.31
2081.46,24.19,23.0,16.81,21.25
2082.52,24.19,23.0,16.81,21.31
2083.58,24.19,22.94,16.81,21.31
2085.28,24.12,22.81,16.75,21.25
2086.33,24.12,22.81,16.75,21.25
2087.39,24.12,22.81,16.69,21.19
2088.45,24.12,22.75,16.69,21.19
2089.51,24.12,22.75,16.69,21.19
2090.57,24.12,22.75,16.62,21.12
2091.64,24.12,22.75,16.62,21.12
2092.7,24.12,22.81,16.62,21.12
2093.76,24.12,22.81,16.62,21.12
2094.82,24.12,22.81,16.62,21.12
2095.87,24.12,22.87,16.62,21.12
2096.94,24.12,22.81,16.62,21.12
2098.0,24.12,22.81,16.62,21.12
2099.06,24.06,22.81,16.56,21.12
2100.12,24.12,22.81,16.56,21.12
2101.18,24.06,22.81,16.56,21.12
2102.23,24.06,22.81,16.56,21.12
2103.3,24.06,22.81,16.56,21.12
2104.37,24.06,22.87,16.56,21.12
2106.06,24.06,22.87,16.56,21.19
2107.11,24.06,22.87,16.56,21.19
2108.18,24.06,22.87,16.62,21.19
2109.24,24.06,22.87,16.56,21.19
2110.29,24.06,22.94,16.56,21.19
2111.99,24.06,22.94,16.56,21.25
2113.04,24.06,22.94,16.56,21.25
2114.11,24.06,22.94,16.62,21.25
2115.17,24.06,22.94,16.56,21.25
2116.23,24.06,22.94,16.56,21.25
2117.3,24.06,22.94,16.56,21.25
2118.35,24.06,22.94,16.56,21.25
2119.42,24.0,22.94,16.62,21.31
2120.48,24.0,22.94,16.62,21.25
2121.53,23.94,22.94,16.69,21.31
2123.23,23.94,22.94,16.69,21.31
2124.29,23.94,22.94,16.69,21.31
2125.35,23.94,22.94,16.69,21.31
2126.4,23.94,22.94,16.69,21.31
2127.47,23.94,22.87,16.75,21.31
2129.17,23.94,22.87,16.69,21.31
2130.21,23.94,22.87,16.69,21.31
2131.28,23.87,22.87,16.75,21.31
2132.35,23.94,22.87,16.75,21.31
2133.41,23.94,22.87,16.75,21.31
2134.47,23.94,22.87,16.75,21.37
2135.52,23.94,22.81,16.75,21.31
2136.58,23.87,22.81,16.81,21.31
2137.65,23.87,22.81,16.81,21.37
2138.71,23.87,22.75,16.87,21.31
2139.76,23.87,22.75,16.87,21.31
2140.83,23.87,22.81,16.87,21.31
2141.89,23.87,22.81,16.87,21.25
2142.95,23.87,22.75,16.81,21.31
2144.0,23.87,22.69,16.75,21.25
2145.06,23.87,22.62,16.75,21.25
2146.13,23.87,22.56,16.75,21.25
2147.19,23.87,22.56,16.75,21.19
2148.25,23.81,22.56,16.75,21.19
2149.94,23.87,22.5,16.75,21.19
2150.99,23.87,22.5,16.75,21.19
2152.07,23.81,22.56,16.75,21.12
2153.13,23.87,22.56,16.75,21.19
2154.19,23.75,22.5,16.81,21.19
2155.25,23.81,22.56,16.81,21.19
2156.3,23.81,22.56,16.87,21.19
2157.37,23.75,22.56,16.87,21.19
2158.42,23.75,22.56,16.87,21.19
2159.49,23.81,22.56,16.87,21.19
2160.54,23.75,22.56,16.87,21.19
2161.61,23.75,22.56,16.87,21.25
2162.67,23.75,22.56,16.87,21.25
2163.74,23.75,22.56,16.87,21.25
2164.79,23.75,22.56,16.87,21.25
2165.84,23.75,22.56,16.81,21.25
2166.91,23.75,22.5,16.81,21.25
2167.97,23.75,22.56,16.75,21.25
2169.02,23.75,22.56,16.75,21.19
2170.72,23.75,22.56,16.81,21.19
2171.79,23.75,22.56,16.81,21.19
2172.84,23.75,22.56,16.81,21.19
2173.9,23.75,22.62,16.75,21.19
2174.97,23.69,22.56,16.75,21.25
2176.66,23.69,22.62,16.81,21.25
2177.73,23.69,22.62,16.81,21.25
2178.79,23.75,22.56,16.75,21.25
2179.84,23.69,22.56,16.75,21.19
2180.9,23.69,22.56,16.75,21.25
2181.96,23.75,22.56,16.75,21.25
2183.02,23.75,22.56,16.75,21.19
2184.08,23.75,22.56,16.75,21.25
2185.15,23.69,22.56,16.75,21.19
2186.21,23.69,22.56,16.75,21.19
2187.27,23.69,22.56,16.75,21.19
2188.33,23.69,22.62,16.75,21.19
2189.39,23.69,22.56,16.75,21.25
2190.45,23.69,22.62,16.75,21.25
2191.51,23.69,22.62,16.81,21.25
2192.56,23.69,22.62,16.81,21.25
2193.63,23.69,22.62,16.81,21.25
2194.69,23.62,22.62,16.81,21.25
2195.75,23.62,22.62,16.87,21.25
2197.44,23.62,22.56,16.87,21.31
2198.5,23.62,22.56,16.87,21.31
2199.56,23.56,22.62,16.94,21.25
2200.61,23.56,22.62,16.87,21.25
2201.69,23.56,22.62,16.87,21.25
2202.74,23.62,22.62,16.87,21.31
2203.8,23.56,22.62,16.81,21.25
2204.87,23.56,22.56,16.81,21.25
2205.93,23.56,22.5,16.75,21.25
2206.99,23.56,22.5,16.69,21.25
2208.05,23.56,22.44,16.75,21.25
2209.11,23.56,22.44,16.75,21.19
2210.17,23.56,22.44,16.75,21.19
2211.22,23.56,22.44,16.69,21.19
2212.92,23.56,22.44,16.69,21.19
2213.99,23.56,22.44,16.69,21.19
2215.04,23.56,22.44,16.69,21.19
2216.1,23.56,22.5,16.69,21.19
2217.17,23.56,22.5,16.69,21.19
2218.86,23.56,22.5,16.75,21.19
2219.92,23.56,22.5,16.75,21.19
2220.98,23.5,22.5,16.75,21.19
2222.04,23.5,22.5,16.81,21.25
2223.09,23.5,22.44,16.81,21.19
2224.16,23.5,22.5,16.81,21.19
2225.21,23.44,22.44,16.87,21.25
2226.28,23.5,22.5,16.87,21.25
2227.34,23.44,22.44,16.87,21.19
2228.4,23.44,22.44,16.87,21.25
2229.46,23.44,22.44,16.87,21.25
2230.53,23.44,22.37,16.94,21.25
2231.59,23.44,22.44,16.94,21.25
2232.64,23.44,22.37,16.94,21.25
2234.33,23.44,22.44,16.94,21.31
2235.4,23.44,22.44,16.94,21.31
2236.46,23.44,22.44,16.87,21.31
2237.52,23.44,22.37,16.87,21.31
2238.58,23.44,22.44,16.87,21.31
2239.64,23.44,22.44,16.81,21.31
2240.7,23.44,22.37,16.81,21.25
2241.76,23.44,22.37,16.81,21.25
2242.82,23.37,22.37,16.81,21.25
2243.88,23.37,22.44,16.81,21.25
2244.94,23.44,22.37,16.75,21.25
2246.01,23.37,22.37,16.81,21.25
2247.07,23.44,22.37,16.81,21.25
2248.13,23.37,22.37,16.81,21.25
2249.18,23.37,22.37,16.81,21.25
2250.25,23.37,22.44,16.81,21.25
2251.31,23.37,22.37,16.81,21.31
2252.36,23.37,22.37,16.81,21.31
2253.42,23.37,22.37,16.75,21.31
2255.12,23.37,22.37,16.75,21.25
2256.18,23.37,22.37,16.75,21.25
2257.24,23.37,22.31,16.62,21.19
2258.3,23.37,22.25,16.62,21.19
2259.36,23.31,22.25,16.56,21.12
2261.05,23.31,22.19,16.5,21.0
2262.11,23.31,22.19,16.5,21.0
2263.18,23.31,22.06,16.44,20.94
2264.24,23.25,22.06,16.44,20.94
2265.29,23.25,22.0,16.44,20.94
2266.99,23.25,22.0,16.44,20.87
2268.05,23.25,22.0,16.44,20.87
2269.12,23.31,21.87,16.37,20.81
2270.18,23.25,21.87,16.31,20.81
2271.23,23.25,21.75,16.31,20.81
2272.29,23.25,21.75,16.31,20.81
2273.36,23.25,21.75,16.25,20.75
2274.41,23.25,21.69,16.25,20.75
2275.47,23.19,21.62,16.19,20.69
2276.53,23.19,21.62,16.12,20.69
2278.22,23.19,21.5,16.12,20.62
2279.28,23.19,21.5,16.12,20.62
2280.35,23.12,21.44,16.06,20.62
2281.41,23.12,21.5,16.0,20.62
2282.47,23.12,21.5,16.0,20.56
2283.53,23.12,21.5,16.0,20.56
2284.59,23.12,21.44,16.0,20.56
2285.65,23.12,21.44,15.94,20.56
2286.72,23.12,21.44,15.94,20.56
2287.76,23.12,21.44,15.94,20.56
2288.82,23.12,21.44,15.88,20.56
2289.88,23.12,21.44,15.88,20.5
2290.95,23.06,21.37,15.88,20.56
2292.01,23.06,21.31,15.88,20.5
2293.07,23.06,21.31,15.88,20.5
2294.77,23.06,21.25,15.81,20.44
2296.46,23.0,21.19,15.88,20.44
2298.16,23.0,21.12,15.88,20.37
2299.21,23.0,21.12,15.88,20.37
2300.26,23.0,21.19,15.81,20.37
2301.34,23.0,21.19,15.81,20.37
2302.4,23.0,21.12,15.81,20.37
2303.46,23.0,21.19,15.81,20.44
2304.52,23.0,21.12,15.81,20.44
2305.58,23.0,21.12,15.81,20.37
2306.64,22.94,21.12,15.81,20.37
2307.7,23.0,21.12,15.81,20.44
2308.76,23.0,21.12,15.88,20.44
2310.45,23.0,21.19,15.81,20.44
2311.5,23.0,21.19,15.81,20.44
2312.57,23.0,21.12,15.81,20.44
2313.64,23.0,21.12,15.81,20.44
2314.7,23.0,21.12,15.81,20.44
2315.76,23.0,21.06,15.81,20.44
2317.44,23.0,21.12,15.81,20.44
2318.5,23.0,21.12,15.81,20.44
2319.57,23.0,21.12,15.75,20.44
2320.63,22.94,21.12,15.75,20.5
2321.69,23.0,21.06,15.69,20.5
2322.75,22.94,21.06,15.69,20.5
2323.82,23.0,21.06,15.69,20.5
2324.88,22.94,21.0,15.69,20.5
2325.94,23.0,21.0,15.69,20.5
2326.98,22.94,21.0,15.69,20.5
2328.06,22.94,21.0,15.63,20.5
2329.74,22.94,21.0,15.69,20.5
2330.81,22.94,21.0,15.69,20.5
2331.87,22.94,21.0,15.63,20.5
2332.92,22.94,21.0,15.63,20.5
2333.98,22.94,21.0,15.63,20.5
2335.05,22.94,21.06,15.63,20.56
2336.75,22.94,21.06,15.69,20.56
2337.8,22.94,21.06,15.69,20.56
2338.87,22.94,21.12,15.63,20.56
2339.92,22.94,21.12,15.63,20.56
2340.98,22.94,21.12,15.63,20.56
2342.05,22.94,21.12,15.63,20.56
2343.74,22.94,21.12,15.63,20.56
2344.8,22.94,21.12,15.63,20.56
2345.86,22.94,21.12,15.63,20.62
2346.92,22.94,21.12,15.56,20.62
2347.97,22.94,21.12,15.56,20.62
2349.04,22.94,21.19,15.63,20.62
2350.09,22.94,21.19,15.56,20.62
2351.16,22.94,21.19,15.56,20.62
2352.22,22.94,21.19,15.56,20.62
2353.28,22.94,21.25,15.56,20.62
2354.35,22.94,21.25,15.56,20.62
2355.4,22.94,21.25,15.56,20.69
2356.47,22.94,21.25,15.63,20.69
2357.53,22.94,21.25,15.56,20.69
2358.58,22.94,21.19,15.56,20.62
2359.64,22.94,21.19,15.56,20.69
2361.34,22.94,21.19,15.56,20.62
2362.4,22.94,21.19,15.56,20.62
2363.46,22.94,21.12,15.63,20.69
2364.52,22.94,21.12,15.63,20.62
2365.59,22.94,21.19,15.63,20.62
2366.64,22.94,21.19,15.63,20.62
2367.71,22.94,21.12,15.69,20.62
2368.76,22.94,21.12,15.69,20.56
2369.83,22.94,21.19,15.69,20.62
2370.88,22.94,21.19,15.69,20.62
2371.94,22.94,21.12,15.69,20.56
2373.0,22.94,21.12,15.69,20.56
2374.06,22.94,21.12,15.75,20.56
